Position,Const,Created,Modified,Description,Title,URL,Title Type,IMDb Rating,Runtime (mins),Year,Genres,Num Votes,Release Date,Directors
1,tt0077402,2012-12-12,2012-12-12,,Dawn of the Dead,https://www.imdb.com/title/tt0077402/,movie,7.9,127,1978,"Horror, Thriller",103977,1978-09-01,George A. Romero
2,tt0063350,2012-12-12,2012-12-12,,Night of the Living Dead,https://www.imdb.com/title/tt0063350/,movie,7.9,96,1968,Horror,105780,1968-10-01,George A. Romero
3,tt0365748,2012-12-12,2012-12-12,,Shaun of the Dead,https://www.imdb.com/title/tt0365748/,movie,7.9,99,2004,"Comedy, Horror",472726,2004-03-29,Edgar Wright
4,tt1156398,2012-12-12,2012-12-12,,Zombieland,https://www.imdb.com/title/tt1156398/,movie,7.6,88,2009,"Adventure, Comedy, Horror, Sci-Fi",463019,2009-09-25,Ruben Fleischer
5,tt0089885,2012-12-12,2012-12-12,,Re-Animator,https://www.imdb.com/title/tt0089885/,movie,7.2,105,1985,"Comedy, Horror, Sci-Fi",50098,1985-05-24,Stuart Gordon
6,tt0088993,2012-12-12,2012-12-12,,Day of the Dead,https://www.imdb.com/title/tt0088993/,movie,7.2,96,1985,"Horror, Thriller",58370,1985-06-30,George A. Romero
7,tt0089907,2012-12-12,2012-12-12,,The Return of the Living Dead,https://www.imdb.com/title/tt0089907/,movie,7.4,91,1985,"Comedy, Horror, Sci-Fi",49431,1985-04-25,Dan O'Bannon
8,tt0103873,2012-12-12,2012-12-12,,Braindead,https://www.imdb.com/title/tt0103873/,movie,7.5,104,1992,"Comedy, Horror",86907,1992-06-04,Peter Jackson
9,tt0106308,2012-12-12,2012-12-12,,Army of Darkness,https://www.imdb.com/title/tt0106308/,movie,7.6,81,1992,"Comedy, Horror",152237,1992-10-09,Sam Raimi
10,tt1520211,2012-12-12,2012-12-12,,The Walking Dead,https://www.imdb.com/title/tt1520211/,tvSeries,8.3,44,2010,"Drama, Horror, Thriller",792945,2010-10-31,
11,tt0363547,2012-12-12,2012-12-12,,Dawn of the Dead,https://www.imdb.com/title/tt0363547/,movie,7.3,101,2004,Horror,221523,2004-03-10,Zack Snyder
12,tt1077258,2012-12-12,2012-12-12,,Planet Terror,https://www.imdb.com/title/tt1077258/,movie,7.1,105,2007,"Action, Comedy, Horror, Thriller",189459,2007-06-21,Robert Rodriguez
13,tt0083907,2012-12-12,2012-12-12,,The Evil Dead,https://www.imdb.com/title/tt0083907/,movie,7.5,85,1981,Horror,170889,1981-10-15,Sam Raimi
14,tt0092991,2012-12-12,2012-12-12,,Evil Dead II,https://www.imdb.com/title/tt0092991/,movie,7.8,84,1987,"Comedy, Horror",136436,1987-03-13,Sam Raimi
15,tt0109592,2012-12-12,2012-12-12,,Dellamorte Dellamore,https://www.imdb.com/title/tt0109592/,movie,7.2,105,1994,"Comedy, Horror",18610,1994-03-25,Michele Soavi
16,tt0100258,2012-12-12,2012-12-12,,Night of the Living Dead,https://www.imdb.com/title/tt0100258/,movie,6.9,92,1990,Horror,36072,1990-10-19,Tom Savini
17,tt0463854,2012-12-12,2012-12-12,,28 Weeks Later,https://www.imdb.com/title/tt0463854/,movie,7.0,100,2007,"Drama, Horror, Sci-Fi",242872,2007-04-26,Juan Carlos Fresnadillo
18,tt0289043,2012-12-12,2012-12-12,,28 Days Later...,https://www.imdb.com/title/tt0289043/,movie,7.6,113,2002,"Drama, Horror, Sci-Fi, Thriller",347569,2002-11-01,Danny Boyle
19,tt1038988,2012-12-12,2012-12-12,,[Rec],https://www.imdb.com/title/tt1038988/,movie,7.5,78,2007,"Horror, Mystery, Thriller",154213,2007-08-29,"Jaume Balagueró, Paco Plaza"
20,tt1278340,2012-12-12,2012-12-12,,Død snø,https://www.imdb.com/title/tt1278340/,movie,6.3,90,2009,"Comedy, Horror",61132,2009-01-09,Tommy Wirkola
21,tt1285482,2012-12-12,2012-12-12,,Dead Set,https://www.imdb.com/title/tt1285482/,tvMiniSeries,7.7,141,2008,"Comedy, Drama, Horror",17009,2008-10-18,
22,tt0457572,2012-12-12,2012-12-12,,Fido,https://www.imdb.com/title/tt0457572/,movie,6.7,93,2006,"Comedy, Drama, Horror, Sci-Fi",27167,2006-09-07,Andrew Currie
23,tt0096071,2012-12-12,2012-12-12,,The Serpent and the Rainbow,https://www.imdb.com/title/tt0096071/,movie,6.5,98,1988,"Fantasy, Horror",20435,1988-02-05,Wes Craven
24,tt0120804,2012-12-12,2012-12-12,,Resident Evil,https://www.imdb.com/title/tt0120804/,movie,6.7,100,2002,"Action, Horror, Sci-Fi",233019,2002-03-12,Paul W.S. Anderson
25,tt0439815,2012-12-12,2012-12-12,,Slither,https://www.imdb.com/title/tt0439815/,movie,6.5,95,2006,"Comedy, Horror, Sci-Fi",69980,2006-03-31,James Gunn
26,tt0071431,2012-12-12,2012-12-12,,No profanar el sueño de los muertos,https://www.imdb.com/title/tt0071431/,movie,6.9,93,1974,Horror,6650,1974-09-30,Jorge Grau
27,tt0082307,2012-12-12,2012-12-12,,...E tu vivrai nel terrore! L'aldilà,https://www.imdb.com/title/tt0082307/,movie,6.9,87,1981,Horror,18107,1981-04-22,Lucio Fulci
28,tt1604064,2012-12-12,2012-12-12,,Zombie Beach,https://www.imdb.com/title/tt1604064/,movie,6.0,71,2010,"Action, Comedy, Horror, Musical, Mystery, Romance, Thriller",544,2010-06-18,Mukesh Asopa
29,tt0091630,2012-12-12,2012-12-12,,Night of the Creeps,https://www.imdb.com/title/tt0091630/,movie,6.8,88,1986,"Comedy, Horror, Sci-Fi",18414,1986-08-22,Fred Dekker
30,tt0080057,2012-12-12,2012-12-12,,Zombi 2,https://www.imdb.com/title/tt0080057/,movie,6.9,91,1979,Horror,23369,1979-08-25,Lucio Fulci
31,tt0082242,2012-12-12,2012-12-12,,Dead & Buried,https://www.imdb.com/title/tt0082242/,movie,6.6,94,1981,"Horror, Mystery",8854,1981-05-29,Gary Sherman
32,tt0089593,2012-12-12,2012-12-12,,The Midnight Hour,https://www.imdb.com/title/tt0089593/,tvMovie,6.7,94,1985,"Comedy, Horror, Romance, Thriller",1400,1985-11-01,Jack Bender
33,tt0086636,2012-12-12,2012-12-12,,Zeder,https://www.imdb.com/title/tt0086636/,movie,6.2,98,1983,Horror,1670,1983-06-30,Pupi Avati
34,tt0275773,2012-12-12,2012-12-12,,Versus,https://www.imdb.com/title/tt0275773/,movie,6.5,119,2000,"Action, Comedy, Drama, Fantasy, Horror, Romance, Thriller",11990,2000-10-29,Ryûhei Kitamura
35,tt1835129,2012-12-12,2012-12-12,,Death Valley,https://www.imdb.com/title/tt1835129/,tvSeries,7.8,22,2011,"Comedy, Horror",4964,2011-08-29,
36,tt0098084,2012-12-12,2012-12-12,,Pet Sematary,https://www.imdb.com/title/tt0098084/,movie,6.6,103,1989,"Horror, Thriller",85637,1989-04-21,Mary Lambert
37,tt0076590,2012-12-12,2012-12-12,,Rabid,https://www.imdb.com/title/tt0076590/,movie,6.4,91,1977,"Horror, Sci-Fi",13744,1977-04-08,David Cronenberg
38,tt0277605,2012-12-14,2012-12-14,,Sun faa sau si,https://www.imdb.com/title/tt0277605/,movie,6.5,94,1998,"Comedy, Horror, Sci-Fi",2191,1998-06-11,Wilson Yip
39,tt0087799,2012-12-14,2012-12-14,,Night of the Comet,https://www.imdb.com/title/tt0087799/,movie,6.4,95,1984,"Comedy, Horror, Sci-Fi",16594,1984-11-16,Thom Eberhardt
40,tt0068457,2012-12-14,2012-12-14,,Dead of Night,https://www.imdb.com/title/tt0068457/,movie,6.7,88,1974,Horror,3858,1974-08-29,Bob Clark
41,tt1023500,2012-12-14,2012-12-14,,Doghouse,https://www.imdb.com/title/tt1023500/,movie,6.0,89,2009,"Comedy, Horror, Sci-Fi",20202,2009-06-12,Jake West
42,tt0081318,2012-12-14,2012-12-14,,Paura nella città dei morti viventi,https://www.imdb.com/title/tt0081318/,movie,6.3,93,1980,Horror,14114,1980-08-11,Lucio Fulci
43,tt0267116,2012-12-14,2012-12-14,,Wild Zero,https://www.imdb.com/title/tt0267116/,movie,6.5,98,1999,"Comedy, Horror, Music, Sci-Fi, Thriller",3208,1999-08-28,Tetsuro Takeuchi
44,tt0083767,2012-12-14,2012-12-14,,Creepshow,https://www.imdb.com/title/tt0083767/,movie,6.9,120,1982,"Comedy, Fantasy, Horror",37884,1982-05-31,George A. Romero
45,tt0318627,2012-12-14,2012-12-14,,Resident Evil: Apocalypse,https://www.imdb.com/title/tt0318627/,movie,6.2,94,2004,"Action, Horror, Sci-Fi, Thriller",176168,2004-08-23,Alexander Witt
46,tt1245112,2012-12-14,2012-12-14,,[Rec]²,https://www.imdb.com/title/tt1245112/,movie,6.5,85,2009,"Horror, Mystery, Thriller",64355,2009-09-02,"Jaume Balagueró, Paco Plaza"
47,tt0067500,2012-12-14,2012-12-14,,La noche del terror ciego,https://www.imdb.com/title/tt0067500/,movie,6.2,101,1972,Horror,4793,1972-04-10,Amando de Ossorio
48,tt1226681,2012-12-14,2012-12-14,,Pontypool,https://www.imdb.com/title/tt1226681/,movie,6.6,93,2008,"Fantasy, Horror, Thriller",27006,2008-09-06,Bruce McDonald
49,tt0099180,2012-12-14,2012-12-14,,Bride of Re-Animator,https://www.imdb.com/title/tt0099180/,movie,6.3,96,1989,"Comedy, Horror, Sci-Fi, Thriller",12058,1989-10-31,Brian Yuzna
50,tt0080636,2012-12-14,2012-12-14,,Di yu wu men,https://www.imdb.com/title/tt0080636/,movie,6.5,90,1980,"Action, Adventure, Comedy, Fantasy, Horror, Thriller",709,1980-04-02,Hark Tsui
51,tt1590190,2012-12-14,2012-12-14,,The Book of Zombie,https://www.imdb.com/title/tt1590190/,movie,3.7,61,2010,"Action, Comedy, Horror",105,2010-06-19,"Scott Kragelund, Erik Van Sant, Paul Cranefield"
52,tt0902290,2012-12-14,2012-12-14,,I Sell the Dead,https://www.imdb.com/title/tt0902290/,movie,6.1,85,2008,"Comedy, Horror",10130,2008-10-10,Glenn McQuaid
53,tt0418819,2012-12-14,2012-12-14,,Land of the Dead,https://www.imdb.com/title/tt0418819/,movie,6.2,93,2005,"Horror, Sci-Fi, Thriller",87469,2005-06-18,George A. Romero
54,tt1275956,2012-12-14,2012-12-14,,Reel Zombies,https://www.imdb.com/title/tt1275956/,movie,3.7,89,2008,"Action, Comedy, Horror, Thriller",280,2008-09-07,"David J. Francis, Mike Masters"
55,tt0432021,2012-12-14,2012-12-14,,Resident Evil: Extinction,https://www.imdb.com/title/tt0432021/,movie,6.3,94,2007,"Action, Horror, Sci-Fi, Thriller",174047,2007-09-20,Russell Mulcahy
56,tt1838571,2012-12-14,2012-12-14,,Juan de los muertos,https://www.imdb.com/title/tt1838571/,movie,6.5,92,2011,"Action, Comedy, Horror",9198,2011-09-10,Alejandro Brugués
57,tt1495776,2012-12-14,2012-12-14,,Germ,https://www.imdb.com/title/tt1495776/,movie,3.7,80,2013,"Action, Drama, Horror, Sci-Fi",736,2013-03-12,"John Craddock, J.T. Boone"
58,tt1082868,2012-12-14,2012-12-14,,Quarantine,https://www.imdb.com/title/tt1082868/,movie,6.0,89,2008,"Horror, Thriller",65677,2008-10-10,John Erick Dowdle
59,tt0091223,2012-12-14,2012-12-14,,House,https://www.imdb.com/title/tt0091223/,movie,6.2,93,1985,"Comedy, Fantasy, Horror",20966,1985-12-06,Steve Miner
60,tt1273207,2012-12-14,2012-12-14,,Deadheads,https://www.imdb.com/title/tt1273207/,movie,5.4,96,2011,"Adventure, Comedy, Horror, Romance",4981,2011-04-29,"Drew T. Pierce, Brett Pierce"
61,tt0643105,2012-12-14,2012-12-14,,Masters of Horror: Homecoming,https://www.imdb.com/title/tt0643105/,tvEpisode,6.1,58,2005,Horror,3795,2005-12-02,Joe Dante
62,tt0078077,2012-12-14,2012-12-14,,Les raisins de la mort,https://www.imdb.com/title/tt0078077/,movie,6.2,85,1978,Horror,1907,1978-07-05,Jean Rollin
63,tt0071396,2012-12-14,2012-12-14,,Messiah of Evil,https://www.imdb.com/title/tt0071396/,movie,6.5,90,1973,Horror,2624,1973-05-02,"Gloria Katz, Willard Huyck"
64,tt1386925,2012-12-14,2012-12-14,,The Dead,https://www.imdb.com/title/tt1386925/,movie,5.8,105,2010,Horror,8374,2010-08-30,"Howard J. Ford, Jonathan Ford"
65,tt1362058,2012-12-14,2012-12-14,,Cockneys vs Zombies,https://www.imdb.com/title/tt1362058/,movie,5.9,88,2012,"Action, Comedy, Horror",17488,2012-08-23,Matthias Hoene
66,tt0499601,2012-12-14,2012-12-14,,Zombie Farm,https://www.imdb.com/title/tt0499601/,movie,5.0,81,2007,Horror,197,2007-04-21,B. Luciano Barsuglia
67,tt0470402,2012-12-14,2012-12-14,,Khun krabii hiiroh,https://www.imdb.com/title/tt0470402/,movie,6.0,95,2004,"Action, Comedy, Fantasy, Horror",814,2004-12-16,Taweewat Wantha
68,tt1220634,2012-12-14,2012-12-14,,Resident Evil: Afterlife,https://www.imdb.com/title/tt1220634/,movie,5.9,96,2010,"Action, Adventure, Drama, Fantasy, Horror, Sci-Fi",153965,2010-09-02,Paul W.S. Anderson
69,tt1183276,2012-12-14,2012-12-14,,La horde,https://www.imdb.com/title/tt1183276/,movie,5.9,90,2009,"Action, Horror",14519,2009-08-28,"Yannick Dahan, Benjamin Rocher"
70,tt1579235,2012-12-14,2012-12-14,,Harold's Going Stiff,https://www.imdb.com/title/tt1579235/,movie,5.7,77,2011,"Comedy, Horror",660,2011-05-06,Keith Wright
71,tt1303831,2012-12-14,2012-12-14,,Office of the Dead,https://www.imdb.com/title/tt1303831/,movie,5.4,72,2009,Comedy,42,2009-05-31,Matthew Chung
72,tt0155350,2012-12-14,2012-12-14,,The Video Dead,https://www.imdb.com/title/tt0155350/,video,5.2,90,1987,"Comedy, Horror",3011,1987-11-30,Robert Scott
73,tt0089254,2012-12-14,2012-12-14,,Hard Rock Zombies,https://www.imdb.com/title/tt0089254/,movie,4.4,98,1985,"Comedy, Horror, Music",1168,1985-08-28,Krishna Shah
74,tt0176097,2012-12-14,2012-12-14,,Rocktober Blood,https://www.imdb.com/title/tt0176097/,movie,4.9,93,1984,"Horror, Music",523,1984-10-12,Beverly Sebastian
75,tt1278322,2012-12-14,2012-12-14,,Colin,https://www.imdb.com/title/tt1278322/,movie,4.9,97,2008,"Action, Drama, Horror",1463,2008-11-15,Marc Price
76,tt0210909,2012-12-14,2012-12-14,,Plaga zombie: Zona mutante,https://www.imdb.com/title/tt0210909/,video,6.0,101,2001,Horror,622,2001-12-21,"Hernán Sáez, Pablo Parés"
77,tt0369359,2012-12-14,2012-12-14,,Dead Meat,https://www.imdb.com/title/tt0369359/,movie,4.8,80,2004,"Action, Comedy, Horror, Sci-Fi",2122,2004-10-31,Conor McMahon
78,tt0298250,2012-12-14,2012-12-14,,Biker Zombies,https://www.imdb.com/title/tt0298250/,video,2.0,80,2001,"Horror, Comedy, Fantasy, Action",249,2001-08-17,Todd Brunswick
79,tt0914799,2012-12-14,2012-12-14,,Brain Dead,https://www.imdb.com/title/tt0914799/,movie,5.2,95,2007,Horror,1013,2007-10-17,Kevin Tenney
80,tt0451954,2012-12-14,2012-12-14,,Tôkyô zonbi,https://www.imdb.com/title/tt0451954/,movie,6.1,103,2005,"Action, Comedy, Horror",1846,2005-12-10,Sakichi Sato
81,tt1146320,2012-12-14,2012-12-14,,Mutants,https://www.imdb.com/title/tt1146320/,movie,5.6,95,2009,"Drama, Horror, Sci-Fi",3749,2009-01-31,David Morlet
82,tt1583356,2012-12-14,2012-12-14,,Rammbock,https://www.imdb.com/title/tt1583356/,movie,6.3,63,2010,"Action, Drama, Horror, Sci-Fi, Thriller",4916,2010-01-19,Marvin Kren
83,tt0399934,2012-12-14,2012-12-14,,Zombie Honeymoon,https://www.imdb.com/title/tt0399934/,movie,4.6,83,2004,"Drama, Horror, Romance",2314,2004-10-23,David Gebroe
84,tt1545557,2012-12-14,2012-12-14,,Leslie Hall Feat. Elvira: Zombie Killer - Version 2,https://www.imdb.com/title/tt1545557/,video,4.8,4,2008,"Short, Comedy, Horror, Music, Musical",40,2008-10-23,"Andrew Swant, Bobby Ciraldo"
85,tt1032749,2012-12-14,2012-12-14,,Evilution,https://www.imdb.com/title/tt1032749/,movie,3.8,91,2008,Horror,675,2008-09-28,Chris Conlee
86,tt1453245,2012-12-14,2012-12-14,,Devil's Playground,https://www.imdb.com/title/tt1453245/,movie,5.2,92,2010,"Action, Horror",4702,2010-08-21,Mark McQueen
87,tt0938347,2012-12-14,2012-12-14,,Virus Undead,https://www.imdb.com/title/tt0938347/,movie,3.6,95,2008,Horror,709,2008-06-30,"Wolf Wolff, Ohmuthi"
88,tt0993841,2012-12-14,2012-12-14,,Dead Air,https://www.imdb.com/title/tt0993841/,movie,5.3,90,2009,"Horror, Sci-Fi, Thriller",2175,2009-10-27,Corbin Bernsen
89,tt0765430,2012-12-14,2012-12-14,,American Zombie,https://www.imdb.com/title/tt0765430/,movie,5.0,90,2007,"Comedy, Drama, Horror",1101,2007-01-18,Grace Lee
90,tt0489018,2012-12-14,2012-12-14,,Day of the Dead,https://www.imdb.com/title/tt0489018/,video,4.5,86,2008,"Action, Horror, Thriller",19624,2008-04-08,Steve Miner
91,tt0848557,2012-12-14,2012-12-14,,Diary of the Dead,https://www.imdb.com/title/tt0848557/,movie,5.7,95,2007,"Fantasy, Horror, Sci-Fi, Thriller",44349,2007-09-08,George A. Romero
92,tt0480249,2012-12-14,2012-12-14,,I Am Legend,https://www.imdb.com/title/tt0480249/,movie,7.2,101,2007,"Drama, Sci-Fi, Thriller",638018,2007-12-05,Francis Lawrence
93,tt0876294,2012-12-14,2012-12-14,,The Zombie Diaries,https://www.imdb.com/title/tt0876294/,movie,4.1,85,2006,"Horror, Sci-Fi",4489,2006-10-29,"Kevin Gates, Michael G. Bartlett"
94,tt0080931,2012-12-14,2012-12-14,,Incubo sulla città contaminata,https://www.imdb.com/title/tt0080931/,movie,5.7,92,1980,"Horror, Sci-Fi, Thriller",5031,1980-12-11,Umberto Lenzi
95,tt0023694,2012-12-14,2012-12-14,,White Zombie,https://www.imdb.com/title/tt0023694/,movie,6.4,69,1932,Horror,8332,1932-07-28,Victor Halperin
96,tt0317676,2012-12-14,2012-12-14,,House of the Dead,https://www.imdb.com/title/tt0317676/,movie,2.0,90,2003,"Action, Adventure, Horror",34808,2003-02-15,Uwe Boll
97,tt0082815,2012-12-14,2012-12-14,,Night of the Zombies,https://www.imdb.com/title/tt0082815/,movie,2.3,88,1981,"Horror, Sci-Fi",522,1981-01-31,Joel M. Reed
98,tt0462069,2012-12-14,2012-12-14,,Zombie Night,https://www.imdb.com/title/tt0462069/,video,2.7,93,2003,"Comedy, Horror, Sci-Fi",497,2003-10-16,David J. Francis
99,tt0473738,2012-12-14,2012-12-14,,Awakening,https://www.imdb.com/title/tt0473738/,movie,2.2,90,2006,Horror,234,2006-10-28,David J. Francis
100,tt0496444,2012-12-14,2012-12-14,,Zombie Town,https://www.imdb.com/title/tt0496444/,video,4.3,95,2007,Horror,629,2007-03-14,Damon Lemay
101,tt0096511,2012-12-14,2012-12-14,,Zombi 3,https://www.imdb.com/title/tt0096511/,movie,4.9,95,1988,"Action, Horror, Sci-Fi",4024,1988-06-30,"Claudio Fragasso, Bruno Mattei, Lucio Fulci"
102,tt0436498,2012-12-14,2012-12-14,,Last Rites,https://www.imdb.com/title/tt0436498/,video,3.4,90,2006,"Action, Horror, Sci-Fi",906,2006-06-30,Duane Stinnett
103,tt0863065,2012-12-14,2012-12-14,,Dead in the Water,https://www.imdb.com/title/tt0863065/,video,2.9,78,2006,"Horror, Thriller",113,2006-08-15,Marc Buhmann
104,tt1571992,2012-12-14,2012-12-14,,Dead Eyes Open,https://www.imdb.com/title/tt1571992/,movie,3.4,85,2006,Horror,57,2006-11-16,Ralf Möllenhoff
105,tt1027762,2012-12-14,2012-12-14,,Wasting Away,https://www.imdb.com/title/tt1027762/,movie,5.7,90,2007,"Comedy, Horror",2984,2007-10-16,Matthew Kohnen
106,tt0770739,2012-12-14,2012-12-14,,Dead & Deader,https://www.imdb.com/title/tt0770739/,tvMovie,4.8,89,2006,"Action, Comedy, Horror, Sci-Fi",1436,2006-12-16,Patrice Dinhut
107,tt0428390,2012-12-14,2012-12-14,,Severed,https://www.imdb.com/title/tt0428390/,movie,4.6,93,2005,"Horror, Sci-Fi, Thriller",1941,2005-09-25,Carl Bessai
108,tt0490181,2012-12-14,2012-12-14,,Mutant Chronicles,https://www.imdb.com/title/tt0490181/,movie,5.2,111,2008,"Action, Adventure, Sci-Fi",25026,2008-08-07,Simon Hunter
109,tt0926063,2012-12-14,2012-12-14,,Dance of the Dead,https://www.imdb.com/title/tt0926063/,movie,5.8,87,2008,"Comedy, Horror",10871,2008-03-09,Gregg Bishop
110,tt1134674,2012-12-14,2012-12-14,,ZMD: Zombies of Mass Destruction,https://www.imdb.com/title/tt1134674/,movie,5.1,89,2009,"Comedy, Horror, Sci-Fi",3921,2009-04-18,Kevin Hamedani
111,tt1351177,2012-12-14,2012-12-14,,Last of the Living,https://www.imdb.com/title/tt1351177/,movie,4.7,88,2009,"Comedy, Horror, Sci-Fi",1694,2009-05-03,Logan McMillan
112,tt0950749,2012-12-14,2012-12-14,,Flick,https://www.imdb.com/title/tt0950749/,movie,4.9,92,2008,"Comedy, Crime, Horror",284,2008-10-03,David Howard
113,tt0427848,2012-12-14,2012-12-14,,Shadow: Dead Riot,https://www.imdb.com/title/tt0427848/,movie,4.1,81,2006,"Action, Horror",873,2006-03-23,Derek Wan
114,tt1198333,2012-12-14,2012-12-14,,Autumn,https://www.imdb.com/title/tt1198333/,movie,3.2,110,2009,"Horror, Sci-Fi, Thriller",1492,2009-05-30,Steven Rumbelow
115,tt1206082,2012-12-14,2012-12-14,,The Dead Outside,https://www.imdb.com/title/tt1206082/,movie,4.3,86,2008,"Horror, Mystery, Thriller",1210,2008-08-24,Kerry Anne Mullaney
116,tt0977669,2012-12-14,2012-12-14,,The Vanguard,https://www.imdb.com/title/tt0977669/,movie,3.3,89,2008,"Action, Horror, Sci-Fi",1427,2008-04-06,Matthew Hope
117,tt0415679,2012-12-14,2012-12-14,,Boy Eats Girl,https://www.imdb.com/title/tt0415679/,movie,5.1,80,2005,"Comedy, Fantasy, Horror",3652,2005-07-03,Stephen Bradley
118,tt0339840,2012-12-14,2012-12-14,,Undead,https://www.imdb.com/title/tt0339840/,movie,5.5,104,2003,"Action, Comedy, Horror, Sci-Fi",12279,2003-02-27,"Michael Spierig, Peter Spierig"
119,tt0382011,2012-12-14,2012-12-14,,Ghost Lake,https://www.imdb.com/title/tt0382011/,video,2.5,112,2004,"Horror, Mystery, Thriller",1580,2004-11-10,Jay Woelfel
120,tt0081027,2012-12-14,2012-12-14,,Le lac des morts vivants,https://www.imdb.com/title/tt0081027/,movie,3.0,90,1981,"Action, Comedy, Horror, Sci-Fi, Thriller",2803,1981-05-13,"Julian de Laserna, Jean Rollin"
121,tt0892109,2012-12-14,2012-12-14,,Trailer Park of Terror,https://www.imdb.com/title/tt0892109/,movie,5.3,98,2008,Horror,3597,2008-01-31,Steven Goldmann
122,tt0353341,2012-12-14,2012-12-14,,Dead/Undead,https://www.imdb.com/title/tt0353341/,video,4.8,91,2002,"Comedy, Horror",94,2002-10-30,"Richard Ferrando, Brett Pierce, Mark T. Elliott"
123,tt1468757,2012-12-14,2012-12-14,,Zombie Women of Satan,https://www.imdb.com/title/tt1468757/,movie,3.4,85,2009,"Comedy, Horror, Romance",819,2009-08-31,"Warren Speed, Steve O'Brien"
124,tt0457319,2012-12-14,2012-12-14,,Dead Heist,https://www.imdb.com/title/tt0457319/,movie,3.9,80,2007,"Action, Crime, Horror, Thriller",918,2007-08-07,Bo Webb
125,tt0470000,2012-12-14,2012-12-14,,Wicked Little Things,https://www.imdb.com/title/tt0470000/,movie,5.1,94,2006,"Drama, Fantasy, Horror",7692,2006-11-17,J.S. Cardone
126,tt1534571,2012-12-14,2012-12-14,,Zombie Outbreak,https://www.imdb.com/title/tt1534571/,video,5.6,82,2006,Horror,12,2006-08-31,Sarah N. Stennett
127,tt0813129,2012-12-14,2012-12-14,,To kako,https://www.imdb.com/title/tt0813129/,movie,5.5,83,2005,"Action, Comedy, Horror",1643,2005-09-24,Giorgos Nousias
128,tt0465517,2012-12-14,2012-12-14,,Last Rites of the Dead,https://www.imdb.com/title/tt0465517/,movie,4.7,118,2006,"Comedy, Horror",616,2006-10-22,Marc Fratto
129,tt1191971,2012-12-14,2012-12-14,,Zone of the Dead,https://www.imdb.com/title/tt1191971/,movie,4.0,101,2009,"Action, Horror, Sci-Fi",2970,2009-02-22,"Milan Todorovic, Milan Konjevic"
130,tt1485050,2012-12-14,2012-12-14,,Paris by Night of the Living Dead,https://www.imdb.com/title/tt1485050/,short,5.4,12,2009,"Short, Horror, Music",345,2009-01-21,Grégory Morin
131,tt1571408,2012-12-14,2012-12-14,,Opstandelsen,https://www.imdb.com/title/tt1571408/,movie,4.6,50,2010,"Action, Drama, Horror",277,2010-08-21,Casper Haugegaard
132,tt1699231,2012-12-14,2012-12-14,,Quarantine 2: Terminal,https://www.imdb.com/title/tt1699231/,movie,5.2,86,2011,"Horror, Mystery, Sci-Fi, Thriller",17422,2011-01-27,John Pogue
133,tt1416336,2012-12-14,2012-12-14,,Extinction: The G.M.O. Chronicles,https://www.imdb.com/title/tt1416336/,movie,4.6,110,2011,"Drama, Horror, Sci-Fi",1524,2011-11-17,Niki Drozdowski
134,tt1650516,2012-12-14,2012-12-14,,Dead Genesis,https://www.imdb.com/title/tt1650516/,movie,3.4,98,2010,"Action, Horror, Thriller",494,2010-04-17,Reese Eveneshen
135,tt1592209,2012-12-14,2012-12-14,,The Defiled,https://www.imdb.com/title/tt1592209/,movie,3.2,100,2010,"Drama, Horror, Sci-Fi",154,2010-10-13,Julian Grant
136,tt1733578,2012-12-14,2012-12-14,,World of the Dead: The Zombie Diaries,https://www.imdb.com/title/tt1733578/,movie,3.8,88,2011,"Action, Horror, Sci-Fi",2285,2011-06-24,"Kevin Gates, Michael G. Bartlett"
137,tt1336006,2012-12-14,2012-12-14,,The Revenant,https://www.imdb.com/title/tt1336006/,movie,6.3,117,2009,"Comedy, Fantasy, Horror",10258,2009-08-16,D. Kerry Prior
138,tt1649444,2012-12-14,2012-12-14,,[Rec]³: Génesis,https://www.imdb.com/title/tt1649444/,movie,5.0,80,2012,"Horror, Thriller",30987,2012-03-09,Paco Plaza
139,tt1649443,2012-12-14,2012-12-14,,[REC] 4: Apocalipsis,https://www.imdb.com/title/tt1649443/,movie,5.4,95,2014,"Horror, Thriller",14505,2014-09-09,Jaume Balagueró
140,tt1650042,2012-12-14,2012-12-14,,Dead Season,https://www.imdb.com/title/tt1650042/,movie,4.8,85,2012,"Horror, Sci-Fi",2976,2012-05-15,Adam Deyoe
141,tt1377290,2012-12-14,2012-12-14,,Fast Zombies with Guns,https://www.imdb.com/title/tt1377290/,movie,2.2,87,2009,Horror,118,2009-01-09,Bennie Woodell
142,tt1418712,2012-12-14,2012-12-14,,Outpost: Black Sun,https://www.imdb.com/title/tt1418712/,movie,5.0,101,2012,"Action, Horror, Sci-Fi",4822,2012-04-27,Steve Barker
143,tt0892899,2012-12-14,2012-12-14,,Outpost,https://www.imdb.com/title/tt0892899/,movie,5.9,90,2008,"Action, Horror, Sci-Fi",15533,2008-03-11,Steve Barker
144,tt2022190,2012-12-14,2012-12-14,,The Walking Dead: Webisodes,https://www.imdb.com/title/tt2022190/,tvSeries,8.0,8,2011,"Short, Drama, Horror, Sci-Fi, Thriller",3666,2011-10-03,
145,tt0033787,2012-12-14,2012-12-14,,King of the Zombies,https://www.imdb.com/title/tt0033787/,movie,5.3,67,1941,"Adventure, Comedy, Horror",1762,1941-05-14,Jean Yarbrough
146,tt0036307,2012-12-14,2012-12-14,,Revenge of the Zombies,https://www.imdb.com/title/tt0036307/,movie,4.6,61,1943,"Adventure, Comedy, Horror, Sci-Fi",542,1943-09-17,Steve Sekely
147,tt0060434,2012-12-14,2012-12-14,,The Frozen Dead,https://www.imdb.com/title/tt0060434/,movie,5.1,95,1966,"Sci-Fi, Horror",642,1966-10-31,Herbert J. Leder
148,tt0076704,2012-12-14,2012-12-14,,Shock Waves,https://www.imdb.com/title/tt0076704/,movie,5.7,85,1977,"Horror, Mystery, Sci-Fi",4481,1977-07-15,Ken Wiederhorn
149,tt0086486,2012-12-14,2012-12-14,,La tumba de los muertos vivientes,https://www.imdb.com/title/tt0086486/,movie,2.5,82,1982,Horror,2039,1982-04-21,Jesús Franco
150,tt0439615,2012-12-14,2012-12-14,,Horrors of War,https://www.imdb.com/title/tt0439615/,movie,3.1,99,2006,"Action, Horror, Sci-Fi, War",1051,2006-03-25,"Peter John Ross, John Whitney"
151,tt0849483,2012-12-14,2012-12-14,,War of the Dead,https://www.imdb.com/title/tt0849483/,video,2.2,88,2006,Horror,255,2006-02-07,Sean Cisterna
152,tt1316429,2012-12-14,2012-12-14,,The Soldier,https://www.imdb.com/title/tt1316429/,short,6.6,10,2007,"Short, Horror, War",74,2007-10-29,Shaun Robert Smith
153,tt1112672,2012-12-14,2012-12-14,,Experiment 18: Das Hexenhammer-Projekt,https://www.imdb.com/title/tt1112672/,short,5.4,10,2007,"Short, History, Horror, War",41,2007-10-07,Christian Matzke
154,tt0472073,2012-12-14,2012-12-14,,Don't Wake the Dead,https://www.imdb.com/title/tt0472073/,movie,3.0,78,2008,Horror,209,2008-05-02,Andreas Schnaas
155,tt1289834,2012-12-14,2012-12-14,,Re-Animator: 1942,https://www.imdb.com/title/tt1289834/,short,4.2,3,2008,"Short, Horror, Sci-Fi",61,2008-04-25,"Gary Fierro, Justin Tacchi"
156,tt1370175,2012-12-14,2012-12-14,,The Diary of Anne Frank of the Dead,https://www.imdb.com/title/tt1370175/,short,6.1,2,2008,Short,28,2008-08-29,Scotty Baker
157,tt0450336,2012-12-14,2012-12-14,,Town Creek,https://www.imdb.com/title/tt0450336/,movie,5.4,90,2009,Horror,10881,2009-09-18,Joel Schumacher
158,tt1542977,2012-12-14,2012-12-14,,Zombienation (Hail to the Führer),https://www.imdb.com/title/tt1542977/,movie,3.5,82,2009,Horror,60,2009-10-31,Víctor Méndez
159,tt1343712,2012-12-14,2012-12-14,,First Squad: The Moment of Truth,https://www.imdb.com/title/tt1343712/,movie,5.7,73,2009,"Animation, Action, Drama, History, War",1472,2009-05-13,"Misha Shprits, Aljosha Klimov, Yoshiharu Ashino"
160,tt2255929,2012-12-14,2012-12-14,,Return of the Bloodsucking Nazi Zombies,https://www.imdb.com/title/tt2255929/,short,2.7,18,2010,"Short, Horror",9,2012-02-11,Mathis Vogel
161,tt0780645,2012-12-14,2012-12-14,,War of the Dead,https://www.imdb.com/title/tt0780645/,movie,4.1,86,2011,"Action, Adventure, Horror, Sci-Fi, Thriller, War",2387,2011-10-22,Marko Mäkilaakso
162,tt1948521,2012-12-14,2012-12-14,,Attack of the Herbals,https://www.imdb.com/title/tt1948521/,movie,3.6,81,2011,"Comedy, Horror",375,2011-05-17,David Ryan Keith
163,tt1456940,2012-12-14,2012-12-14,,The 4th Reich,https://www.imdb.com/title/tt1456940/,movie,,97,,"Action, Horror, War",,,Shaun Robert Smith
164,tt2241403,2012-12-14,2012-12-14,,Outpost: Rise of the Spetsnaz,https://www.imdb.com/title/tt2241403/,movie,5.1,87,2013,"Action, Horror, Sci-Fi",1947,2013-06-27,Kieran Parker
165,tt1993314,2012-12-14,2012-12-14,,Beastie Boys: Don't Play No Game That I Can't Win,https://www.imdb.com/title/tt1993314/,video,6.8,11,2011,"Short, Music",153,2011-07-18,Spike Jonze
166,tt2130142,2012-12-14,2012-12-14,,Nazis at the Center of the Earth,https://www.imdb.com/title/tt2130142/,video,3.2,89,2012,"Action, Adventure, Comedy, Horror, Mystery, Sci-Fi, Thriller, War",3370,2012-04-24,Joseph J. Lawson
167,tt1595006,2012-12-14,2012-12-14,,The Last Zombi Hunter,https://www.imdb.com/title/tt1595006/,movie,4.0,75,2010,"Action, Horror, Sci-Fi",22,,S.N. Sibley
168,tt1588173,2012-12-14,2012-12-14,,Warm Bodies,https://www.imdb.com/title/tt1588173/,movie,6.9,98,2013,"Comedy, Horror, Romance",209476,2013-01-16,Jonathan Levine
169,tt0816711,2012-12-14,2012-12-14,,World War Z,https://www.imdb.com/title/tt0816711/,movie,7.0,116,2013,"Action, Adventure, Horror, Sci-Fi, Thriller",557031,2013-06-02,Marc Forster
170,tt1612319,2012-12-14,2012-12-14,,Re-Kill,https://www.imdb.com/title/tt1612319/,movie,5.0,88,2015,"Action, Horror",2337,2015-10-16,Valeri Milev
171,tt1912982,2012-12-14,2012-12-14,,A Little Bit Zombie,https://www.imdb.com/title/tt1912982/,movie,5.3,87,2012,"Comedy, Horror, Sci-Fi",2592,2012-02-04,Casey Walker
172,tt0069895,2012-12-14,2012-12-14,,The Crazies,https://www.imdb.com/title/tt0069895/,movie,6.1,103,1973,"Action, Horror, Sci-Fi",9958,1973-03-16,George A. Romero
173,tt0350774,2012-12-14,2012-12-14,,Dead & Breakfast,https://www.imdb.com/title/tt0350774/,movie,5.8,88,2004,"Comedy, Fantasy, Horror, Musical",5654,2004-03-16,Matthew Leutwyler
174,tt0109809,2012-12-14,2012-12-14,,FleshEater,https://www.imdb.com/title/tt0109809/,movie,4.9,88,1988,Horror,1285,1988-08-17,S. William Hinzman
175,tt0435665,2012-12-14,2012-12-14,,House of the Dead 2,https://www.imdb.com/title/tt0435665/,tvMovie,3.8,95,2005,"Action, Comedy, Horror, Sci-Fi, Thriller",5430,2005-10-14,Michael Hurst
176,tt1329396,2012-12-14,2012-12-14,,Mangue Negro,https://www.imdb.com/title/tt1329396/,movie,5.6,105,2008,Horror,339,2008-07-28,Rodrigo Aragão
177,tt0068370,2012-12-14,2012-12-14,,Children Shouldn't Play with Dead Things,https://www.imdb.com/title/tt0068370/,movie,5.5,87,1972,"Comedy, Horror",3720,1972-06-09,Bob Clark
178,tt0079788,2012-12-14,2012-12-14,,Zombi Holocaust,https://www.imdb.com/title/tt0079788/,movie,5.3,84,1980,Horror,4710,1980-03-28,Marino Girolami
179,tt0463392,2012-12-14,2012-12-14,,Zombie Nation,https://www.imdb.com/title/tt0463392/,movie,2.1,81,2004,Horror,7853,2004-10-05,Ulli Lommel
180,tt0067525,2012-12-14,2012-12-14,,The Omega Man,https://www.imdb.com/title/tt0067525/,movie,6.6,98,1971,"Action, Sci-Fi, Thriller",26828,1971-08-01,Boris Sagal
181,tt0058700,2012-12-14,2012-12-14,,The Last Man on Earth,https://www.imdb.com/title/tt0058700/,movie,6.9,86,1964,"Horror, Sci-Fi",15694,1964-03-08,"Sidney Salkow, Ubaldo Ragona"
182,tt1192613,2012-12-14,2012-12-14,,Oneechanbara: The Movie,https://www.imdb.com/title/tt1192613/,movie,4.8,80,2008,"Action, Horror",1140,2008-04-30,Yôhei Fukuda
183,tt0060841,2012-12-14,2012-12-14,,The Plague of the Zombies,https://www.imdb.com/title/tt0060841/,movie,6.7,90,1966,Horror,4030,1966-01-09,John Gilling
184,tt0054724,2012-12-14,2012-12-14,,Zombie,https://www.imdb.com/title/tt0054724/,movie,3.3,92,1971,Horror,1127,1971-10-29,Del Tenney
185,tt1753753,2012-12-14,2012-12-14,,Eaters,https://www.imdb.com/title/tt1753753/,movie,4.1,94,2011,Horror,1304,2011-04-07,"Luca Boni, Marco Ristori"
186,tt0848552,2012-12-14,2012-12-14,,The Mad,https://www.imdb.com/title/tt0848552/,movie,4.8,83,2007,"Action, Comedy, Horror, Sci-Fi, Thriller",1599,2007-05-22,John Kalangis
187,tt0469683,2012-12-14,2012-12-14,,Automaton Transfusion,https://www.imdb.com/title/tt0469683/,movie,3.8,75,2006,Horror,2208,2006-10-18,Steven C. Miller
188,tt1185390,2012-12-14,2012-12-14,,Saikyô heiki joshikôsei: Rika - zonbi hantâ vs saikyô zonbi Gurorian,https://www.imdb.com/title/tt1185390/,movie,5.3,86,2008,"Action, Horror",393,2008-02-18,Ken'ichi Fujiwara
189,tt1338635,2012-12-14,2012-12-14,,Locked Away,https://www.imdb.com/title/tt1338635/,movie,4.5,98,2017,Horror,100,2017-09-01,Jason Morisette
190,tt2151633,2012-12-14,2012-12-14,,"Gangsters, Guns & Zombies",https://www.imdb.com/title/tt2151633/,movie,3.9,88,2012,"Comedy, Horror",703,2012-07-21,Matt Mitchell
191,tt2236182,2012-12-14,2012-12-14,,Rise of the Zombies,https://www.imdb.com/title/tt2236182/,movie,4.0,89,2012,"Action, Adventure, Drama, Horror, Sci-Fi, Thriller",3016,2012-10-08,Nick Lyon
192,tt2328841,2012-12-14,2012-12-14,,Z-108 qi cheng,https://www.imdb.com/title/tt2328841/,movie,3.2,88,2012,"Horror, Sci-Fi",848,2012-04-06,Joe Chien
193,tt0906788,2012-12-14,2012-12-14,,Zombies! Zombies! Zombies!,https://www.imdb.com/title/tt0906788/,video,4.0,82,2008,"Comedy, Horror",2279,2008-09-09,Jason Murphy
194,tt2364997,2012-12-14,2012-12-14,,Zombies Vs. Strippers,https://www.imdb.com/title/tt2364997/,movie,3.5,75,2012,"Comedy, Horror",669,2012-07-09,Alex Nicolaou
195,tt1043585,2012-12-14,2012-12-14,,Zombi: La creazione,https://www.imdb.com/title/tt1043585/,video,3.7,90,2007,"Action, Horror",327,2007-05-31,Bruno Mattei
196,tt1581839,2012-12-14,2012-12-14,,Zombie Undead,https://www.imdb.com/title/tt1581839/,movie,2.3,79,2010,Horror,431,2010-01-15,Rhys Davies
197,tt1290099,2012-12-14,2012-12-14,,Ninjas vs. Zombies,https://www.imdb.com/title/tt1290099/,movie,2.9,86,2008,"Action, Comedy, Fantasy, Horror",223,2008-10-31,Justin Timpane
198,tt1370179,2012-12-14,2012-12-14,,Doctor S Battles the Sex Crazed Reefer Zombies: The Movie,https://www.imdb.com/title/tt1370179/,movie,6.8,80,2009,"Comedy, Horror, Sci-Fi",55,2009-11-07,Bryan Ortiz
199,tt1037229,2012-12-14,2012-12-14,,Yoroi: Samurai zonbi,https://www.imdb.com/title/tt1037229/,movie,5.2,91,2008,"Action, Horror",206,2008-07-21,Tak Sakaguchi
200,tt0174360,2012-12-14,2012-12-14,,Zombie Bloodbath,https://www.imdb.com/title/tt0174360/,video,3.4,70,1993,"Horror, Comedy",357,,Todd Sheets
201,tt0197115,2012-12-14,2012-12-14,,Zombie Bloodbath 2,https://www.imdb.com/title/tt0197115/,video,2.9,98,1995,Horror,231,,Todd Sheets
202,tt0197116,2012-12-14,2012-12-14,,Zombie Bloodbath 3: Zombie Armageddon,https://www.imdb.com/title/tt0197116/,video,2.9,90,2000,Horror,197,,Todd Sheets
203,tt0086980,2012-12-14,2012-12-14,,Blood Suckers from Outer Space,https://www.imdb.com/title/tt0086980/,movie,4.9,79,1984,"Comedy, Horror, Sci-Fi",452,1984-10-31,Glen Coburn
204,tt0094962,2012-12-14,2012-12-14,,The Dead Next Door,https://www.imdb.com/title/tt0094962/,movie,5.2,78,1989,Horror,2724,1989-11-30,J.R. Bookwalter
205,tt0082559,2012-12-14,2012-12-14,,Virus,https://www.imdb.com/title/tt0082559/,movie,5.0,99,1980,"Horror, Sci-Fi, Thriller",4132,1980-11-17,"Claudio Fragasso, Bruno Mattei"
206,tt0093238,2012-12-14,2012-12-14,,I Was a Teenage Zombie,https://www.imdb.com/title/tt0093238/,movie,4.5,90,1987,"Comedy, Horror",638,1987-07-31,John Elias Michalakis
207,tt0138508,2012-12-14,2012-12-14,,I Was a Zombie for the F.B.I.,https://www.imdb.com/title/tt0138508/,movie,4.9,105,1982,"Comedy, Sci-Fi",157,,Marius Penczner
208,tt0199148,2012-12-14,2012-12-14,,Wu long tian shi zhao ji gui,https://www.imdb.com/title/tt0199148/,movie,5.2,80,1981,"Action, Comedy, Horror",322,1981-10-01,Shan Hua
209,tt0093833,2012-12-14,2012-12-14,,Redneck Zombies,https://www.imdb.com/title/tt0093833/,movie,4.3,84,1989,"Comedy, Horror",2786,1989-02-15,Pericles Lewnes
210,tt0960890,2012-12-14,2012-12-14,,Zombie Strippers!,https://www.imdb.com/title/tt0960890/,movie,4.1,94,2008,"Comedy, Horror, Sci-Fi",17013,2008-02-23,Jay Lee
211,tt0473514,2012-12-14,2012-12-14,,Mulberry St,https://www.imdb.com/title/tt0473514/,movie,5.6,84,2006,"Horror, Sci-Fi, Thriller",5325,2006-11-16,Jim Mickle
212,tt1781812,2012-12-14,2012-12-14,,Exit Humanity,https://www.imdb.com/title/tt1781812/,movie,5.3,114,2011,"Drama, Horror",4219,2011-09-18,John Geddes
213,tt1653913,2012-12-14,2012-12-14,,Nihon bundan: Heru doraibâ,https://www.imdb.com/title/tt1653913/,movie,5.4,117,2010,"Horror, Sci-Fi",1395,2010-09-28,Yoshihiro Nishimura
214,tt0378417,2012-12-14,2012-12-14,,Die Nacht der lebenden Loser,https://www.imdb.com/title/tt0378417/,movie,5.7,89,2004,"Comedy, Horror",2557,2004-11-04,Matthias Dinter
215,tt1330216,2012-12-14,2012-12-14,,"Silent Night, Zombie Night",https://www.imdb.com/title/tt1330216/,movie,4.3,83,2009,"Horror, Sci-Fi",688,2009-11-01,Sean Cain
216,tt1815746,2012-12-14,2012-12-14,,Humans vs Zombies,https://www.imdb.com/title/tt1815746/,movie,4.0,93,2011,"Comedy, Horror, Sci-Fi, Thriller",1384,2011-11-11,Brian T. Jaynes
217,tt1876547,2012-12-14,2012-12-14,,Zombie Apocalypse,https://www.imdb.com/title/tt1876547/,tvMovie,4.0,87,2011,"Action, Adventure, Horror, Sci-Fi, Thriller",4783,2011-10-29,Nick Lyon
218,tt1870527,2012-12-14,2012-12-14,,Remains,https://www.imdb.com/title/tt1870527/,movie,4.3,88,2011,"Action, Drama, Horror, Sci-Fi, Thriller",1911,2011-12-06,Colin Theys
219,tt1692954,2012-12-14,2012-12-14,,Zombie Roadkill,https://www.imdb.com/title/tt1692954/,tvSeries,6.5,,2010,"Short, Comedy, Horror",174,2010-10-04,
220,tt1344430,2012-12-14,2012-12-14,,Romeo & Juliet vs. The Living Dead,https://www.imdb.com/title/tt1344430/,movie,5.7,84,2009,"Comedy, Romance",76,2009-06-26,Ryan Denmark
221,tt0225156,2012-12-14,2012-12-14,,Batoru gâru: Tokyo crisis wars,https://www.imdb.com/title/tt0225156/,video,4.4,73,1991,"Action, Horror",123,1991-11-08,Kazuo 'Gaira' Komizu
222,tt0896534,2012-12-14,2012-12-14,,Deadgirl,https://www.imdb.com/title/tt0896534/,movie,5.7,101,2008,Horror,17686,2008-09-06,"Gadi Harel, Marcel Sarmiento"
223,tt1865346,2012-12-14,2012-12-14,,Detention of the Dead,https://www.imdb.com/title/tt1865346/,movie,4.6,87,2012,"Action, Adventure, Comedy, Horror, Sci-Fi, Thriller",2424,2012-04-27,Alex Craig Mann
224,tt1762253,2012-12-14,2012-12-14,,Dave of the Dead,https://www.imdb.com/title/tt1762253/,movie,,,,"Comedy, Horror",,,Shaun O'Sullivan
225,tt1920846,2012-12-14,2012-12-14,,Another World,https://www.imdb.com/title/tt1920846/,movie,4.8,99,2014,"Action, Horror, Sci-Fi",4174,2014-09-14,Eitan Reuven
226,tt1839385,2012-12-14,2012-12-14,,28 Hours Later: The Zombie Movie,https://www.imdb.com/title/tt1839385/,movie,4.8,56,2010,"Action, Comedy, Horror",105,2010-10-30,Daniel M. Seibert
227,tt0378661,2012-12-14,2012-12-14,,Les revenants,https://www.imdb.com/title/tt0378661/,movie,5.9,102,2004,"Drama, Fantasy",2658,2004-09-04,Robin Campillo
228,tt1274419,2012-12-14,2012-12-14,,Bubba's Chili Parlor,https://www.imdb.com/title/tt1274419/,movie,4.7,84,2008,Horror,65,2008-08-23,Joey Evans
229,tt0970520,2012-12-14,2012-12-14,,Mutant Vampire Zombies from the 'Hood!,https://www.imdb.com/title/tt0970520/,movie,3.9,90,2008,"Action, Comedy, Horror, Sci-Fi",363,2009-12-31,Thunder Levin
230,tt0101467,2012-12-14,2012-12-14,,Demoni 3,https://www.imdb.com/title/tt0101467/,movie,4.1,88,1991,Horror,721,1991-01-05,Umberto Lenzi
231,tt1242605,2012-12-14,2012-12-14,,Blood Moon Rising,https://www.imdb.com/title/tt1242605/,movie,3.5,94,2009,"Comedy, Horror",353,2009-11-24,Brian Skiba
232,tt0349349,2012-12-14,2012-12-14,,Die You Zombie Bastards!,https://www.imdb.com/title/tt0349349/,movie,4.4,97,2005,"Comedy, Fantasy, Horror, Sci-Fi",647,2005-02-28,Caleb Emerson
233,tt1290417,2012-12-14,2012-12-14,,Retardead,https://www.imdb.com/title/tt1290417/,video,3.3,100,2008,"Comedy, Horror",379,2008-07-11,"Rick Popko, Dan West"
234,tt1103262,2012-12-14,2012-12-14,,Deadlands 2: Trapped,https://www.imdb.com/title/tt1103262/,movie,3.6,80,2008,"Horror, Sci-Fi, Thriller",318,2008-10-31,Gary Ugarek
235,tt2141875,2012-12-14,2012-12-14,,Osombie,https://www.imdb.com/title/tt2141875/,movie,3.6,92,2012,"Action, Horror",1475,2012-05-05,John Lyde
236,tt1937495,2012-12-14,2012-12-14,,Jesus Hates Zombies,https://www.imdb.com/title/tt1937495/,movie,,,,,,,Eric Balfour
237,tt1821352,2012-12-14,2012-12-14,,Bong of the Dead,https://www.imdb.com/title/tt1821352/,video,3.2,91,2011,"Action, Comedy, Horror",598,2011-05-12,Thomas Newman
238,tt0497432,2012-12-14,2012-12-14,,The Rage,https://www.imdb.com/title/tt0497432/,movie,4.3,85,2007,Horror,1658,2007-07-13,Robert Kurtzman
239,tt0765475,2012-12-14,2012-12-14,,Special Dead,https://www.imdb.com/title/tt0765475/,movie,4.5,90,2006,"Comedy, Horror",462,2006-01-13,"Sean Simmons, Thomas L. Phillips"
240,tt1260570,2012-12-14,2012-12-14,,Die-ner (Get It?),https://www.imdb.com/title/tt1260570/,movie,4.1,75,2009,"Comedy, Horror",520,2009-10-31,Patrick Horvath
241,tt0387549,2012-12-14,2012-12-14,,The Roost,https://www.imdb.com/title/tt0387549/,movie,4.9,80,2005,"Horror, Thriller",1866,2005-03-12,Ti West
242,tt0082966,2012-12-14,2012-12-14,,Quella villa accanto al cimitero,https://www.imdb.com/title/tt0082966/,movie,6.2,86,1981,Horror,11166,1981-08-14,Lucio Fulci
243,tt0473348,2012-12-14,2012-12-14,,Dead Men Walking,https://www.imdb.com/title/tt0473348/,movie,3.8,82,2005,Horror,1175,2005-10-25,Peter Mervis
244,tt0779982,2012-12-14,2012-12-14,,Black Sheep,https://www.imdb.com/title/tt0779982/,movie,5.8,87,2006,"Comedy, Horror, Sci-Fi",37624,2006-09-10,Jonathan King
245,tt0467488,2012-12-14,2012-12-14,,Shao Lin jiang shi,https://www.imdb.com/title/tt0467488/,movie,4.1,94,2004,"Action, Comedy, Horror",319,2004-03-16,Douglas Kung
246,tt0861701,2012-12-14,2012-12-14,,Deadlands: The Rising,https://www.imdb.com/title/tt0861701/,movie,2.2,72,2006,"Action, Horror, Thriller",576,2006-09-02,Gary Ugarek
247,tt0107953,2012-12-14,2012-12-14,,Return of the Living Dead III,https://www.imdb.com/title/tt0107953/,movie,5.9,97,1993,Horror,12479,1993-06-05,Brian Yuzna
248,tt0411805,2012-12-14,2012-12-14,,Return of the Living Dead: Necropolis,https://www.imdb.com/title/tt0411805/,movie,3.2,88,2005,"Action, Comedy, Horror, Sci-Fi",4406,2005-10-15,Ellory Elkayem
249,tt0411806,2012-12-14,2012-12-14,,Return of the Living Dead: Rave to the Grave,https://www.imdb.com/title/tt0411806/,movie,3.3,86,2005,"Comedy, Horror, Sci-Fi",3816,2005-10-15,Ellory Elkayem
250,tt2246549,2012-12-14,2012-12-14,,Abraham Lincoln vs. Zombies,https://www.imdb.com/title/tt2246549/,video,3.1,96,2012,"Action, Comedy, Horror",3698,2012-05-29,Richard Schenkman
251,tt0321781,2012-12-14,2012-12-14,,Cremaster 3,https://www.imdb.com/title/tt0321781/,movie,7.1,182,2002,"Drama, Fantasy",1311,2002-05-15,Matthew Barney
252,tt0103959,2012-12-14,2012-12-14,,Chrome Hearts,https://www.imdb.com/title/tt0103959/,movie,3.8,86,1989,"Comedy, Horror",1720,1989-10-31,Dan Hoskins
253,tt0879265,2012-12-14,2012-12-14,,Zonbi jieitai,https://www.imdb.com/title/tt0879265/,movie,4.6,75,2006,"Action, Comedy, Horror, Sci-Fi",402,2006-04-23,Naoyuki Tomomatsu
254,tt0264932,2012-12-14,2012-12-14,,Mulva: Zombie Ass Kicker!,https://www.imdb.com/title/tt0264932/,video,2.7,59,2001,"Action, Comedy, Horror",405,2001-04-07,Chris Seaver
255,tt1616537,2012-12-14,2012-12-14,,Joshikôsei zonbi,https://www.imdb.com/title/tt1616537/,movie,3.6,,2010,"Action, Horror",16,2010-03-20,Masashi Minami
256,tt0462485,2012-12-14,2012-12-14,,Poultrygeist: Night of the Chicken Dead,https://www.imdb.com/title/tt0462485/,movie,6.2,103,2006,"Comedy, Horror, Musical, Sci-Fi",7268,2006-12-29,Lloyd Kaufman
257,tt0758765,2012-12-14,2012-12-14,,Marty Jenkins and the Vampire Bitches,https://www.imdb.com/title/tt0758765/,movie,4.5,80,2006,"Comedy, Horror",78,2006-03-31,Henrique Couto
258,tt1790033,2012-12-14,2012-12-14,,Bite Me,https://www.imdb.com/title/tt1790033/,tvSeries,7.8,,2010,"Comedy, Horror",569,2010-10-29,
259,tt0818095,2012-12-14,2012-12-14,,Dead at the Box Office,https://www.imdb.com/title/tt0818095/,movie,1.7,,2005,"Horror, Thriller",597,2005-09-16,Shawn Stutler
260,tt1715362,2012-12-14,2012-12-14,,Zombie Apocalypse: Redemption,https://www.imdb.com/title/tt1715362/,movie,3.2,101,2011,"Action, Horror",538,2011-04-16,Ryan Thompson
261,tt1927012,2012-12-23,2012-12-23,,Dead Shadows,https://www.imdb.com/title/tt1927012/,movie,3.8,75,2012,"Horror, Sci-Fi",1058,2012-09-10,David Cholewa
262,tt0401320,2013-01-08,2013-01-08,,Choking Hazard,https://www.imdb.com/title/tt0401320/,movie,5.2,81,2004,"Comedy, Horror",435,2004-04-02,Marek Dobes
263,tt0897444,2013-01-31,2013-01-31,,Zombie Wars,https://www.imdb.com/title/tt0897444/,video,3.0,80,2007,"Horror, Sci-Fi",873,2007-11-02,David A. Prior
